{"train/loss": 0.1688, "train/learning_rate": 0.0, "train/epoch": 16.61, "train/global_step": 5000, "_timestamp": 1702266916.0240064, "_runtime": 45092.59301543236, "_step": 500, "train/train_runtime": 45093.6745, "train/train_samples_per_second": 0.887, "train/train_steps_per_second": 0.111, "train/total_flos": 1.74835334381568e+18, "train/train_loss": 0.3187695398807526, "_wandb": {"runtime": 45104}}