{"train/loss": 0.5436, "train/learning_rate": 5e-05, "train/rewards/chosen": -0.29266688227653503, "train/rewards/rejected": -0.7404913902282715, "train/rewards/accuracies": 0.737500011920929, "train/rewards/margins": 0.44782447814941406, "train/logps/rejected": -154.00912475585938, "train/logps/chosen": -71.14654541015625, "train/logits/rejected": -1.7471717596054077, "train/logits/chosen": -1.6931579113006592, "train/epoch": 0.45, "train/global_step": 10, "_timestamp": 1702323836.0001805, "_runtime": 135.78465747833252, "_step": 0}