{"train/loss": 2.0843, "train/learning_rate": 2e-05, "train/epoch": 0.04, "train/global_step": 20, "_timestamp": 1702219771.3693018, "_runtime": 182.98875188827515, "_step": 1}