{"train/loss": 0.0563, "train/learning_rate": 0.0, "train/rewards/chosen": -41.19865798950195, "train/rewards/rejected": -71.427490234375, "train/rewards/accuracies": 0.918749988079071, "train/rewards/margins": 30.228839874267578, "train/logps/rejected": -854.3810424804688, "train/logps/chosen": -481.775146484375, "train/logits/rejected": -0.8094155192375183, "train/logits/chosen": -0.8999460339546204, "train/epoch": 45.45, "train/global_step": 1000, "_timestamp": 1702338538.82952, "_runtime": 14529.531456947327, "_step": 110, "eval/loss": 0.06580525636672974, "eval/runtime": 92.3797, "eval/samples_per_second": 1.71, "eval/steps_per_second": 1.71, "eval/rewards/chosen": -46.534088134765625, "eval/rewards/rejected": -77.86933135986328, "eval/rewards/accuracies": 0.9240506291389465, "eval/rewards/margins": 31.335254669189453, "eval/logps/rejected": -929.5537719726562, "eval/logps/chosen": -540.303955078125, "eval/logits/rejected": -2.40029239654541, "eval/logits/chosen": -2.4076788425445557, "train/train_runtime": 14530.5974, "train/train_samples_per_second": 1.101, "train/train_steps_per_second": 0.069, "train/total_flos": 0.0, "train/train_loss": 0.20877271468937397, "_wandb": {"runtime": 14529}}